{
  "prepare_queue": {
    "installed": [],
    "uninstalled": []
  },
  "config_munge": {
    "files": {
      "config.xml": {
        "parents": {
          "/*": [
            {
              "xml": "<feature name=\"DatePicker\"><param name=\"ios-package\" value=\"DatePicker\" /></feature>",
              "count": 1
            },
            {
              "xml": "<feature name=\"Device\"><param name=\"ios-package\" value=\"CDVDevice\" /></feature>",
              "count": 1
            },
            {
              "xml": "<feature name=\"SplashScreen\"><param name=\"ios-package\" value=\"CDVSplashScreen\" /><param name=\"onload\" value=\"true\" /></feature>",
              "count": 1
            },
            {
              "xml": "<allow-navigation href=\"http://localhost:8080/*\" />",
              "count": 1
            },
            {
              "xml": "<feature name=\"CDVWKWebViewEngine\"><param name=\"ios-package\" value=\"CDVWKWebViewEngine\" /></feature>",
              "count": 1
            },
            {
              "xml": "<preference name=\"CordovaWebViewEngine\" value=\"CDVWKWebViewEngine\" />",
              "count": 1
            },
            {
              "xml": "<feature name=\"Keyboard\"><param name=\"ios-package\" onload=\"true\" value=\"CDVIonicKeyboard\" /></feature>",
              "count": 1
            },
            {
              "xml": "<feature name=\"SocialSharing\"><param name=\"ios-package\" value=\"SocialSharing\" /><param name=\"onload\" value=\"true\" /></feature>",
              "count": 1
            },
            {
              "xml": "<feature name=\"CallNumber\"><param name=\"ios-package\" value=\"CFCallNumber\" /></feature>",
              "count": 1
            },
            {
              "xml": "<feature name=\"SelectorCordovaPlugin\"><param name=\"ios-package\" onload=\"true\" value=\"SelectorCordovaPlugin\" /></feature>",
              "count": 1
            },
            {
              "xml": "<feature name=\"BrowserTab\"><param name=\"ios-package\" value=\"CBTBrowserTab\" /></feature>",
              "count": 1
            }
          ]
        }
      },
      "*-Info.plist": {
        "parents": {
          "NSPhotoLibraryAddUsageDescription": [
            {
              "xml": "<string>This app requires photo library access to function properly.</string>",
              "count": 1
            }
          ]
        }
      }
    }
  },
  "installed_plugins": {
    "cordova-plugin-datepicker": {
      "PACKAGE_NAME": "io.ionic.starter"
    },
    "cordova-plugin-whitelist": {
      "PACKAGE_NAME": "io.ionic.starter"
    },
    "cordova-plugin-device": {
      "PACKAGE_NAME": "io.ionic.starter"
    },
    "cordova-plugin-splashscreen": {
      "PACKAGE_NAME": "io.ionic.starter"
    },
    "cordova-plugin-ionic-webview": {
      "PACKAGE_NAME": "io.ionic.starter"
    },
    "cordova-plugin-ionic-keyboard": {
      "PACKAGE_NAME": "io.ionic.starter"
    },
    "cordova-plugin-android-permissions": {
      "PACKAGE_NAME": "io.ionic.starter"
    },
    "es6-promise-plugin": {
      "PACKAGE_NAME": "io.ionic.starter"
    },
    "cordova-plugin-x-socialsharing": {
      "PACKAGE_NAME": "io.ionic.starter"
    },
    "mx.ferreyra.callnumber": {
      "PACKAGE_NAME": "io.ionic.starter"
    },
    "cordova-wheel-selector-plugin": {
      "PACKAGE_NAME": "io.ionic.starter"
    },
    "cordova-plugin-compat": {
      "PACKAGE_NAME": "io.ionic.starter"
    },
    "cordova-plugin-browsertab": {
      "PACKAGE_NAME": "io.ionic.starter"
    }
  },
  "dependent_plugins": {},
  "modules": [
    {
      "id": "cordova-plugin-datepicker.DatePicker",
      "file": "plugins/cordova-plugin-datepicker/www/ios/DatePicker.js",
      "pluginId": "cordova-plugin-datepicker",
      "clobbers": [
        "datePicker"
      ]
    },
    {
      "id": "cordova-plugin-device.device",
      "file": "plugins/cordova-plugin-device/www/device.js",
      "pluginId": "cordova-plugin-device",
      "clobbers": [
        "device"
      ]
    },
    {
      "id": "cordova-plugin-splashscreen.SplashScreen",
      "file": "plugins/cordova-plugin-splashscreen/www/splashscreen.js",
      "pluginId": "cordova-plugin-splashscreen",
      "clobbers": [
        "navigator.splashscreen"
      ]
    },
    {
      "id": "cordova-plugin-ionic-webview.ios-wkwebview-exec",
      "file": "plugins/cordova-plugin-ionic-webview/src/www/ios/ios-wkwebview-exec.js",
      "pluginId": "cordova-plugin-ionic-webview",
      "clobbers": [
        "cordova.exec"
      ]
    },
    {
      "id": "cordova-plugin-ionic-keyboard.keyboard",
      "file": "plugins/cordova-plugin-ionic-keyboard/www/ios/keyboard.js",
      "pluginId": "cordova-plugin-ionic-keyboard",
      "clobbers": [
        "window.Keyboard"
      ]
    },
    {
      "id": "cordova-plugin-android-permissions.Permissions",
      "file": "plugins/cordova-plugin-android-permissions/www/permissions-dummy.js",
      "pluginId": "cordova-plugin-android-permissions",
      "clobbers": [
        "cordova.plugins.permissions"
      ]
    },
    {
      "id": "es6-promise-plugin.Promise",
      "file": "plugins/es6-promise-plugin/www/promise.js",
      "pluginId": "es6-promise-plugin",
      "runs": true
    },
    {
      "id": "cordova-plugin-x-socialsharing.SocialSharing",
      "file": "plugins/cordova-plugin-x-socialsharing/www/SocialSharing.js",
      "pluginId": "cordova-plugin-x-socialsharing",
      "clobbers": [
        "window.plugins.socialsharing"
      ]
    },
    {
      "id": "mx.ferreyra.callnumber.CallNumber",
      "file": "plugins/mx.ferreyra.callnumber/www/CallNumber.js",
      "pluginId": "mx.ferreyra.callnumber",
      "clobbers": [
        "call"
      ]
    },
    {
      "id": "cordova-wheel-selector-plugin.plugin",
      "file": "plugins/cordova-wheel-selector-plugin/www/selectorplugin.js",
      "pluginId": "cordova-wheel-selector-plugin",
      "clobbers": [
        "SelectorCordovaPlugin"
      ],
      "runs": true
    },
    {
      "id": "cordova-plugin-browsertab.BrowserTab",
      "file": "plugins/cordova-plugin-browsertab/www/browsertab.js",
      "pluginId": "cordova-plugin-browsertab",
      "clobbers": [
        "cordova.plugins.browsertab"
      ]
    }
  ],
  "plugin_metadata": {
    "cordova-plugin-datepicker": "0.9.3",
    "cordova-plugin-whitelist": "1.3.3",
    "cordova-plugin-device": "2.0.1",
    "cordova-plugin-splashscreen": "5.0.2",
    "cordova-plugin-ionic-webview": "1.2.0",
    "cordova-plugin-ionic-keyboard": "2.0.5",
    "cordova-plugin-android-permissions": "1.0.0",
    "es6-promise-plugin": "4.2.2",
    "cordova-plugin-x-socialsharing": "5.4.0",
    "mx.ferreyra.callnumber": "0.0.2",
    "cordova-wheel-selector-plugin": "1.0.0",
    "cordova-plugin-compat": "1.2.0",
    "cordova-plugin-browsertab": "0.2.0"
  }
}